{
  "editor.quickSuggestions": {
    "strings": true
  },
  "editor.defaultFormatter": "esbenp.prettier-vscode",
  "editor.formatOnSave": true,
  "editor.codeActionsOnSave": {
    "source.fixAll.eslint": "explicit"
  },
  "tailwindCSS.experimental.classRegex": [
    ["cva\\(([^)]*)\\)", "[\"'`]([^\"'`]*).*?[\"'`]"],
    ["cx\\(([^)]*)\\)", "(?:'|\"|`)([^']*)(?:'|\"|`)"]
  ],
  "tailwindCSS.includeLanguages": {
    "typescript": "javascript",
    "typescriptreact": "javascript"
  },
  "emmet.includeLanguages": {
    "javascript": "javascriptreact"
  },
  "files.associations": {
    "*.css": "tailwindcss"
  }
}
